username,id
username0,cart0
username1,cart1
username2,cart2
username3,cart3
username4,cart4
username5,cart5
username6,cart6
username7,cart7
username8,cart8
username9,cart9
username10,cart10
username11,cart11
username12,cart12
username13,cart13
username14,cart14
username15,cart15
username16,cart16
username17,cart17
username18,cart18
username19,cart19
username20,cart20
username21,cart21
username22,cart22
username23,cart23
username24,cart24
username25,cart25
username26,cart26
username27,cart27
username28,cart28
username29,cart29
username30,cart30
username31,cart31
username32,cart32
username33,cart33
username34,cart34
username35,cart35
username36,cart36
username37,cart37
username38,cart38
username39,cart39
username40,cart40
username41,cart41
username42,cart42
username43,cart43
username44,cart44
username45,cart45
username46,cart46
username47,cart47
username48,cart48
username49,cart49
username50,cart50
username51,cart51
username52,cart52
username53,cart53
username54,cart54
username55,cart55
username56,cart56
username57,cart57
username58,cart58
username59,cart59
username60,cart60
username61,cart61
username62,cart62
username63,cart63
username64,cart64
username65,cart65
username66,cart66
username67,cart67
username68,cart68
username69,cart69
username70,cart70
username71,cart71
username72,cart72
username73,cart73
username74,cart74
username75,cart75
username76,cart76
username77,cart77
username78,cart78
username79,cart79
username80,cart80
username81,cart81
username82,cart82
username83,cart83
username84,cart84
username85,cart85
username86,cart86
username87,cart87
username88,cart88
username89,cart89
username90,cart90
username91,cart91
username92,cart92
username93,cart93
username94,cart94
username95,cart95
username96,cart96
username97,cart97
username98,cart98
username99,cart99
username100,cart100
username101,cart101
username102,cart102
username103,cart103
username104,cart104
username105,cart105
username106,cart106
username107,cart107
username108,cart108
username109,cart109
username110,cart110
username111,cart111
username112,cart112
username113,cart113
username114,cart114
username115,cart115
username116,cart116
username117,cart117
username118,cart118
username119,cart119
username120,cart120
username121,cart121
username122,cart122
username123,cart123
username124,cart124
username125,cart125
username126,cart126
username127,cart127
username128,cart128
username129,cart129
username130,cart130
username131,cart131
username132,cart132
username133,cart133
username134,cart134
username135,cart135
username136,cart136
username137,cart137
username138,cart138
username139,cart139
username140,cart140
username141,cart141
username142,cart142
username143,cart143
username144,cart144
username145,cart145
username146,cart146
username147,cart147
username148,cart148
username149,cart149
username150,cart150
username151,cart151
username152,cart152
username153,cart153
username154,cart154
username155,cart155
username156,cart156
username157,cart157
username158,cart158
username159,cart159
username160,cart160
username161,cart161
username162,cart162
username163,cart163
username164,cart164
username165,cart165
username166,cart166
username167,cart167
username168,cart168
username169,cart169
username170,cart170
username171,cart171
username172,cart172
username173,cart173
username174,cart174
username175,cart175
username176,cart176
username177,cart177
username178,cart178
username179,cart179
username180,cart180
username181,cart181
username182,cart182
username183,cart183
username184,cart184
username185,cart185
username186,cart186
username187,cart187
username188,cart188
username189,cart189
username190,cart190
username191,cart191
username192,cart192
username193,cart193
username194,cart194
username195,cart195
username196,cart196
username197,cart197
username198,cart198
username199,cart199
username200,cart200
username201,cart201
username202,cart202
username203,cart203
username204,cart204
username205,cart205
username206,cart206
username207,cart207
username208,cart208
username209,cart209
username210,cart210
username211,cart211
username212,cart212
username213,cart213
username214,cart214
username215,cart215
username216,cart216
username217,cart217
username218,cart218
username219,cart219
username220,cart220
username221,cart221
username222,cart222
username223,cart223
username224,cart224
username225,cart225
username226,cart226
username227,cart227
username228,cart228
username229,cart229
username230,cart230
username231,cart231
username232,cart232
username233,cart233
username234,cart234
username235,cart235
username236,cart236
username237,cart237
username238,cart238
username239,cart239
username240,cart240
username241,cart241
username242,cart242
username243,cart243
username244,cart244
username245,cart245
username246,cart246
username247,cart247
username248,cart248
username249,cart249
