username,password
username0,password0
username1,password1
username2,password2
username3,password3
username4,password4
username5,password5
username6,password6
username7,password7
username8,password8
username9,password9
username10,password10
username11,password11
username12,password12
username13,password13
username14,password14
username15,password15
username16,password16
username17,password17
username18,password18
username19,password19
username20,password20
username21,password21
username22,password22
username23,password23
username24,password24
username25,password25
username26,password26
username27,password27
username28,password28
username29,password29
username30,password30
username31,password31
username32,password32
username33,password33
username34,password34
username35,password35
username36,password36
username37,password37
username38,password38
username39,password39
username40,password40
username41,password41
username42,password42
username43,password43
username44,password44
username45,password45
username46,password46
username47,password47
username48,password48
username49,password49
username50,password50
username51,password51
username52,password52
username53,password53
username54,password54
username55,password55
username56,password56
username57,password57
username58,password58
username59,password59
username60,password60
username61,password61
username62,password62
username63,password63
username64,password64
username65,password65
username66,password66
username67,password67
username68,password68
username69,password69
username70,password70
username71,password71
username72,password72
username73,password73
username74,password74
username75,password75
username76,password76
username77,password77
username78,password78
username79,password79
username80,password80
username81,password81
username82,password82
username83,password83
username84,password84
username85,password85
username86,password86
username87,password87
username88,password88
username89,password89
username90,password90
username91,password91
username92,password92
username93,password93
username94,password94
username95,password95
username96,password96
username97,password97
username98,password98
username99,password99
username100,password100
username101,password101
username102,password102
username103,password103
username104,password104
username105,password105
username106,password106
username107,password107
username108,password108
username109,password109
username110,password110
username111,password111
username112,password112
username113,password113
username114,password114
username115,password115
username116,password116
username117,password117
username118,password118
username119,password119
username120,password120
username121,password121
username122,password122
username123,password123
username124,password124
username125,password125
username126,password126
username127,password127
username128,password128
username129,password129
username130,password130
username131,password131
username132,password132
username133,password133
username134,password134
username135,password135
username136,password136
username137,password137
username138,password138
username139,password139
username140,password140
username141,password141
username142,password142
username143,password143
username144,password144
username145,password145
username146,password146
username147,password147
username148,password148
username149,password149
username150,password150
username151,password151
username152,password152
username153,password153
username154,password154
username155,password155
username156,password156
username157,password157
username158,password158
username159,password159
username160,password160
username161,password161
username162,password162
username163,password163
username164,password164
username165,password165
username166,password166
username167,password167
username168,password168
username169,password169
username170,password170
username171,password171
username172,password172
username173,password173
username174,password174
username175,password175
username176,password176
username177,password177
username178,password178
username179,password179
username180,password180
username181,password181
username182,password182
username183,password183
username184,password184
username185,password185
username186,password186
username187,password187
username188,password188
username189,password189
username190,password190
username191,password191
username192,password192
username193,password193
username194,password194
username195,password195
username196,password196
username197,password197
username198,password198
username199,password199
username200,password200
username201,password201
username202,password202
username203,password203
username204,password204
username205,password205
username206,password206
username207,password207
username208,password208
username209,password209
username210,password210
username211,password211
username212,password212
username213,password213
username214,password214
username215,password215
username216,password216
username217,password217
username218,password218
username219,password219
username220,password220
username221,password221
username222,password222
username223,password223
username224,password224
username225,password225
username226,password226
username227,password227
username228,password228
username229,password229
username230,password230
username231,password231
username232,password232
username233,password233
username234,password234
username235,password235
username236,password236
username237,password237
username238,password238
username239,password239
username240,password240
username241,password241
username242,password242
username243,password243
username244,password244
username245,password245
username246,password246
username247,password247
username248,password248
username249,password249
